test_subject,n_train,n_test,accuracy,balanced_accuracy,precision,recall,f1,f1_macro,roc_auc
S10,7699,566,0.8392226148409894,0.894431554524362,0.5973451327433629,1.0,0.7479224376731302,0.8149469516510917,1.0
S11,7710,555,0.9891891891891892,0.9817959817959818,0.9838709677419355,0.9682539682539683,0.976,0.9845116279069768,0.9996854996854997
S13,7708,557,0.8168761220825853,0.873584519108992,0.55,0.9758064516129032,0.7034883720930233,0.7855104198127454,0.9918237353795724
S14,7708,557,0.8886894075403949,0.9280742459396751,0.6702127659574468,1.0,0.802547770700637,0.8625238853503185,0.9999999999999999
S15,7708,557,0.9371633752244165,0.9153554778554778,0.8549618320610687,0.875,0.8648648648648649,0.9119645961751225,0.9841928904428904
S16,7712,553,0.9945750452079566,0.9964953271028038,0.9765625,1.0,0.9881422924901185,0.9923126468312258,1.0
S17,7712,553,0.891500904159132,0.9106769448874712,0.7071823204419889,0.9481481481481482,0.810126582278481,0.8670886075949367,0.9239943292574873
S2,7737,528,0.9848484848484849,0.9646017699115044,1.0,0.9292035398230089,0.963302752293578,0.9768781064570515,0.9999573515300137
S3,7728,537,0.925512104283054,0.8365964160025889,0.975609756097561,0.6779661016949152,0.8,0.877116704805492,0.9727559564742526
S4,7720,545,0.9357798165137615,0.8504273504273504,1.0,0.7008547008547008,0.8241206030150754,0.8924194485333514,0.999700455307932
S5,7711,554,0.9693140794223827,0.9285714285714286,1.0,0.8571428571428571,0.9230769230769231,0.9519555979533432,0.9994977301265334
S6,7714,551,0.8983666061705989,0.768595041322314,1.0,0.5371900826446281,0.6989247311827957,0.8188946800018782,1.0
S7,7715,550,0.9690909090909091,0.9279661016949152,1.0,0.8559322033898306,0.9223744292237442,0.9515390874836087,0.9984110169491526
S8,7713,552,0.9764492753623188,0.9762209828157975,0.9236641221374046,0.9758064516129032,0.9490196078431372,0.9668537379616158,0.998191136569189
S9,7715,550,0.92,0.8181676382850124,0.987012987012987,0.6386554621848739,0.7755102040816326,0.8634188188549756,0.9161028680613776
